barcode,
H5UGJST00002,
H5WCFZ600002,
LSHP05776022,
NET59863673,
LSHP05771581,
LSHP05838093,
DSVR007362,
LSHP05748960,
NET59831709,
H5UGKMM00002,
LSHP05828744,
LSHP05727370,
LSHP05761978,
LSHP05770188,
LSHP05750437,
LSHP05802707,
NET59834010,
WALC396252,
LSHP05750515,
LSHP05776136,
NET59832942,
LSHP05718917,
LSHP05719237,
LSHP05835390,
HW602Z100002,
LSHP05718548,
LSHP05727630,
LSHP05736220,
LSHP05744675,
LSHP05744676,
LSHP05776034,
LSHP05779158,
LSHP05779159,
LSHP05780924,
LSHP05797486,
LSHP05797487,
LSHP05819581,
LSHP05835307,
LSHP05835308,
NET59846515,
NET59854814,
NET59862760,
NET59862761,
NET59882226,
WALF164699,
LSHP05728373,
LSHP05728938,
LSHP05801381,
LSHP05819315,
LSHP05784914,
LSHP05786116,
LSHP05804736,
NET59877673,
LSHP05804178,
LSHP05750996,
LSHP05751200,
LSHP05750727,
LSHP05819234,
LSHP05822695,
LSHP05825012,
LSHP05815347,
LSHP05815348,
LSHP05815349,
NET59894741,
RXU9003069,
LSHP05775165,
NET59862426,
DSVG007805,
LSHP05801012,
LSHP05801285,
LSHP05805825,
LSHP05808261,
LSHP05753960,
LSHP05770008,
LSHP05770347,
LSHP05777549,
RXU9003040,
RXU9003049,
RXU9003052,
RXU9003053,
RXU9003057,
RXU9003070,
RXU9003075,
RXU9003077,
RXU9003078,
RXU9003083,
RXU9003086,
RXU9003087,
RXU9003088,
RXU9003090,
RXU9003091,
RXU9003093,
RXU9003094,
RXU9003095,
RXU9003097,
LSHP05728043,
LSHP05803665,
LSHP05796792,
LSHP05798358,
NET59877985,
NET59893385,
LSHP05835069,
LSHP05797852,
LSHP05798056,
LSHP05798388,
LSHP05798463,
LSHP05815550,
LSHP05816844,
LSHP05816845,
LSHP05819737,
LSHP05821136,
LSHP05826363,
NET59879772,
NET59881439,
RXU9003102,
NET59830372,
NET59832997,
NET59862991,
LSHP05827808,
HW60C5T00002,
LSHP05718199,
DSVB012856,
DSVB012857,
LSHP05723791,
DSVB012799,
NET59827409,
NET59830373,
NET59833290,
NET59843142,
NET59849165,
NET59849242,
NET59849528,
NET59876578,
NET59877916,
NET59878323,
NET59879712,
NET59896305,
LSHP05838268,
LSHP05838269,
LSHP05838437,
LSHP05766080,
LSHP05766081,
LSHP05766082,
LSHP05838167,
LSHP05800648,
NET59877537,
NET59897867,
LSHP05799091,
LSHP05723828,
LSHP05746021,
LSHP05749058,
LSHP05749059,
LSHP05758944,
LSHP05838505,
LSHP05718854,
LSHP05723617,
LSHP05731698,
LSHP05731700,
LSHP05738095,
LSHP05742416,
LSHP05749348,
LSHP05752323,
LSHP05752342,
LSHP05753959,
LSHP05776523,
LSHP05776547,
LSHP05798578,
LSHP05801118,
LSHP05808028,
LSHP05811430,
LSHP05832393,
LSHP05838419,
NET59834698,
NET59835015,
LSHP05802150,
LSHP05797539,
LSHP05798053,
LSHP05802088,
LSHP05819305,
LSHP05819306,
NET59849530,
DSVB012852,
DSVB012872,
H6IBGJT00002,
LSHP05718897,
LSHP05718902,
LSHP05718903,
LSHP05718921,
LSHP05729330,
LSHP05729331,
LSHP05761688,
LSHP05764322,
LSHP05765237,
LSHP05775200,
LSHP05799234,
LSHP05814290,
LSHP05815725,
LSHP05829870,
LSHP05831932,
LSHP05838351,
LSHP05838352,
NET59839667,
NET59901779,
DSVB012783,
DSVB012784,
DSVB012821,
LSHP05726484,
LSHP05757449,
LSHP05759600,
LSHP05779200,
LSHP05805476,
LSHP05812105,
NEC00836189,
NET59830613,
NET59830627,
NET59831572,
NET59833187,
NET59837956,
NET59838116,
NET59847051,
NET59847738,
NET59848171,
NET59848952,
NET59849041,
NET59849096,
NET59849188,
NET59849529,
NET59849531,
NET59849627,
NET59851433,
NET59853399,
NET59853509,
NET59855928,
NET59862791,
NET59878280,
NET59880937,
NET59882108,
NET59882236,
NET59886995,
NET59888309,
NET59900142,
RXU9003089,
LSHP05718361,
LSHP05837932,
LSHP05838336,
D044331623,
LSHP05781860,
LSHP05770996,
LSHP05792112,
NET59847071,
DSVB012817,
DSVB012818,
DSVB012829,
DSVB012830,
LSHP05727490,
LSHP05751098,
LSHP05751632,
LSHP05773857,
LSHP05774335,
LSHP05776181,
LSHP05776299,
LSHP05776494,
LSHP05779417,
LSHP05797894,
LSHP05798414,
LSHP05798919,
LSHP05825596,
LSHP05835370,
LSHP05835565,
LSHP05837972,
LSHP05838054,
LSHP05838299,
LSHP05838324,
LSHP05838508,
LSHP05838643,
LSHP05838644,
LSHP05838767,
LSHP05838768,
LSHP05838966,
LSHP05838974,
LSHP05839000,
NET59850329,
NET59863212,
NET59864115,
NET59865518,
NET59868308,
NET59877922,
NET59882529,
NET59901149,
LSHP05775359,
LSHP05801391,
LSHP05801611,
LSHP05801737,
LSHP05802027,
LSHP05802049,
LSHP05715118,
LSHP05748981,
LSHP05750522,
LSHP05757712,
LSHP05830337,
NET59839429,
NET59868144,
DSVG007788,
DSVR007340,
LSHP05714058,
LSHP05718527,
LSHP05718689,
LSHP05723401,
LSHP05739419,
LSHP05750244,
LSHP05750245,
LSHP05752577,
LSHP05757641,
LSHP05761326,
LSHP05775355,
LSHP05776139,
LSHP05780627,
LSHP05781482,
LSHP05799343,
LSHP05804208,
LSHP05808175,
LSHP05808260,
LSHP05819582,
LSHP05825962,
LSHP05829338,
LSHP05831003,
LSHP05834250,
LSHP05835309,
LSHP05838085,
LSHP05838136,
LSHP05838510,
LSHP05838511,
NEC00836185,
NET59833711,
NET59834710,
NET59840219,
NET59849722,
NET59853328,
NET59858281,
NET59863868,
NET59877517,
WALE163048,
WALF164650,
LSHP05801100,
LSHP05723840,
LSHP05724247,
LSHP05781498,
LSHP05803152,
LSHP05803952,
